age,tenure,performance,attrition,salary,department
46.0,4.0,0.4516879322849995,Regretted,87700.0,IT
29.0,0.0,,Retrained,35000.0,Marketing
48.0,13.0,0.596787787744604,Retrained,75500.0,Finance
46.0,8.0,0.520667992581403,Retrained,29400.0,Marketing
24.0,0.0,,Retrained,64500.0,Marketing
31.0,2.0,0.20657271358453402,Unregretted,64800.0,Marketing
45.0,7.0,0.41229081721816924,Retrained,77700.0,IT
,1.0,0.5447341222724357,Retrained,72900.0,Finance
32.0,4.0,0.38482095782367504,Retrained,81800.0,IT
38.0,15.0,0.34596914479418134,Retrained,69300.0,Operations
35.0,1.0,0.35155564334554096,Retrained,74300.0,Finance
44.0,0.0,,Retrained,65400.0,Marketing
24.0,4.0,0.31128941342324074,Retrained,83400.0,IT
49.0,6.0,0.2351495409672098,Unregretted,42300.0,HR
41.0,1.0,0.3463934599131341,Retrained,63600.0,Marketing
51.0,2.0,0.5857510472913305,Retrained,77000.0,Finance
36.0,3.0,0.28443822129420493,Retrained,52000.0,HR
42.0,1.0,0.4764173222968307,Retrained,44700.0,HR
37.0,4.0,0.4593512746370996,Retrained,63400.0,Operations
47.0,1.0,0.4371205181266556,Retrained,59300.0,Finance
33.0,1.0,0.6679852473713281,Retrained,59900.0,HR
24.0,0.0,,Retrained,35600.0,Marketing
52.0,9.0,0.39382393595627074,Retrained,55100.0,Finance
48.0,3.0,0.2428547763188657,Unregretted,68900.0,IT
34.0,2.0,0.3789699635004223,Retrained,72000.0,IT
39.0,5.0,0.053262861694553264,Unregretted,63000.0,Operations
42.0,4.0,0.6100507195765988,Retrained,64000.0,IT
38.0,1.0,0.8247590596359575,Regretted,76500.0,IT
49.0,20.0,0.6442640440281896,Regretted,56800.0,Operations
,1.0,0.3239416158178311,Retrained,71500.0,Finance
33.0,1.0,0.2915534735371635,Retrained,35500.0,Marketing
45.0,2.0,0.5589320628701069,Regretted,68900.0,Finance
,8.0,0.7578569093800737,Retrained,57300.0,Finance
46.0,3.0,0.3754273685473957,Retrained,72600.0,Finance
34.0,4.0,0.3874992786698071,Retrained,64300.0,Operations
50.0,4.0,0.4978325750993154,Retrained,80300.0,IT
35.0,13.0,0.5312127385110709,Regretted,60000.0,Operations
33.0,1.0,0.3584474765775256,Retrained,69300.0,Finance
45.0,16.0,0.5012025320162358,Retrained,70700.0,IT
32.0,1.0,0.5721195708242873,Retrained,67300.0,IT
33.0,2.0,0.30305802080361643,Regretted,33000.0,HR
40.0,0.0,,Retrained,49200.0,HR
31.0,1.0,0.3750289095381749,Retrained,46200.0,HR
45.0,11.0,0.43732720736392783,Retrained,42300.0,Operations
43.0,4.0,0.7651680129546151,Retrained,86000.0,IT
45.0,2.0,0.12348043396319512,Unregretted,55400.0,Finance
45.0,4.0,0.6980263856057355,Retrained,73400.0,IT
33.0,9.0,0.4976968243265435,Retrained,70300.0,Operations
24.0,0.0,,Retrained,48500.0,Marketing
,2.0,0.5564759555838744,Retrained,57900.0,HR
45.0,11.0,0.5951219246299313,Retrained,74700.0,IT
37.0,2.0,0.17440374319861515,Unregretted,50900.0,Finance
53.0,15.0,0.46208987067746404,Retrained,95300.0,Marketing
32.0,0.0,,Retrained,84700.0,Marketing
34.0,3.0,0.4259403811619243,Retrained,41500.0,HR
29.0,2.0,0.45987009036142473,Retrained,61700.0,HR
49.0,10.0,0.4139039389109705,Retrained,64000.0,Finance
33.0,3.0,0.41345039484659285,Regretted,78700.0,IT
38.0,1.0,0.4295571226578408,Retrained,49700.0,HR
39.0,2.0,0.4286184154966015,Regretted,32300.0,Marketing
23.0,2.0,0.5034377870746997,Retrained,62900.0,HR
31.0,1.0,0.39143583839287976,Retrained,53900.0,Finance
46.0,4.0,0.5725710450734941,Retrained,61100.0,Finance
49.0,4.0,0.6733788096842271,Regretted,70500.0,Finance
34.0,1.0,0.7292776545617561,Retrained,83700.0,Finance
41.0,6.0,0.33955401791369494,Retrained,63000.0,Finance
37.0,2.0,0.5947359633414877,Retrained,84000.0,IT
32.0,0.0,,Retrained,50100.0,Marketing
53.0,14.0,0.7340343816374749,Retrained,81200.0,IT
33.0,0.0,,Retrained,79800.0,Marketing
32.0,1.0,0.24123662492054956,Unregretted,60500.0,Finance
35.0,1.0,0.36702539487309943,Retrained,25200.0,Marketing
49.0,5.0,0.45111890388689274,Retrained,59200.0,HR
50.0,21.0,0.6378866612554264,Regretted,72600.0,IT
46.0,9.0,0.333012133260497,Retrained,62700.0,Finance
42.0,1.0,0.440639802715553,Retrained,36100.0,HR
46.0,3.0,0.6456447654392833,Retrained,73500.0,Finance
27.0,0.0,,Unregretted,45000.0,HR
33.0,5.0,0.2280220612905452,Unregretted,30200.0,Marketing
26.0,3.0,0.4349474960838515,Retrained,80400.0,IT
45.0,11.0,0.35276994272378814,Retrained,67600.0,Marketing
36.0,6.0,0.4340770454528663,Regretted,82300.0,IT
47.0,0.0,,Unregretted,27200.0,HR
50.0,14.0,0.5827725564904634,Retrained,50100.0,Marketing
28.0,1.0,0.4411837842205008,Retrained,57800.0,Finance
29.0,2.0,0.4368613012004822,Retrained,47900.0,HR
25.0,1.0,0.6265851741277965,Retrained,81100.0,Finance
28.0,4.0,0.703673990741181,Retrained,67300.0,IT
41.0,2.0,0.45056519427469544,Retrained,78000.0,IT
47.0,5.0,0.42694547963329277,Retrained,79400.0,Finance
28.0,0.0,,Retrained,69500.0,Marketing
35.0,0.0,,Retrained,50800.0,HR
28.0,4.0,0.6334503824037816,Retrained,67500.0,IT
28.0,5.0,0.3654257298016397,Retrained,72900.0,Operations
30.0,1.0,0.3772292116561412,Retrained,73500.0,Finance
30.0,7.0,0.6574809856752594,Retrained,70500.0,Operations
47.0,6.0,0.47787768202723707,Retrained,51500.0,Finance
50.0,2.0,0.20076822544072978,Unregretted,52500.0,Finance
39.0,1.0,0.44673827032124147,Retrained,63100.0,Finance
39.0,1.0,0.4287068311057589,Retrained,45700.0,HR
38.0,1.0,0.5085856171093565,Retrained,48400.0,Finance
29.0,8.0,0.5432477556526054,Retrained,52300.0,Operations
29.0,0.0,,Retrained,39600.0,Marketing
28.0,0.0,,Unregretted,69500.0,IT
51.0,22.0,0.3646099345112504,Retrained,62300.0,HR
52.0,1.0,0.1790945298338973,Unregretted,51200.0,Marketing
35.0,2.0,0.39594117140195,Retrained,74000.0,IT
37.0,1.0,0.6204950086117417,Retrained,55800.0,Marketing
29.0,4.0,0.4370105272846123,Retrained,62000.0,IT
45.0,15.0,0.41215334539833715,Retrained,72800.0,Marketing
47.0,4.0,0.23239270029820747,Unregretted,60200.0,Operations
,1.0,0.6775911268030104,Retrained,60400.0,Finance
47.0,6.0,0.3577748796170828,Regretted,36600.0,HR
39.0,6.0,0.4561048582096873,Retrained,76200.0,IT
50.0,3.0,0.3538889805285419,Retrained,76800.0,IT
45.0,10.0,0.513124272891139,Retrained,66000.0,Operations
46.0,9.0,0.33646165415489887,Retrained,59500.0,Operations
42.0,8.0,0.5748773389335665,Retrained,33900.0,Marketing
34.0,1.0,0.0,Unregretted,56900.0,IT
30.0,0.0,,Retrained,87700.0,Marketing
22.0,2.0,0.6080675179381609,Regretted,60800.0,HR
25.0,2.0,0.43556459985959556,Retrained,48100.0,HR
50.0,9.0,0.44863449823385804,Retrained,56500.0,Marketing
35.0,4.0,0.4852829064715058,Retrained,73300.0,IT
47.0,10.0,0.16475186230725106,Unregretted,78200.0,Finance
24.0,3.0,0.6411583061077788,Regretted,60200.0,Operations
40.0,1.0,0.48682776698774205,Retrained,54600.0,Finance
47.0,13.0,0.7533030734443562,Retrained,82300.0,Marketing
44.0,8.0,0.33719008399239875,Retrained,46600.0,Operations
32.0,1.0,0.6769189201190526,Retrained,100900.0,Marketing
34.0,6.0,0.03651782453491232,Unregretted,41000.0,Operations
47.0,5.0,0.5080428438920774,Retrained,74200.0,Marketing
41.0,1.0,0.34822444871342967,Retrained,59500.0,IT
37.0,6.0,0.7079586105667991,Retrained,51800.0,HR
41.0,5.0,0.6056812825254696,Retrained,74700.0,Operations
45.0,2.0,0.4624452317369745,Retrained,68600.0,IT
51.0,7.0,0.32393293303366516,Retrained,46900.0,Marketing
34.0,2.0,0.4815595680109479,Retrained,55100.0,HR
54.0,2.0,0.5438730397685468,Retrained,82300.0,IT
41.0,2.0,0.4928550630356569,Retrained,57500.0,HR
48.0,1.0,0.5689497457773263,Retrained,84600.0,Finance
28.0,1.0,0.362847225915796,Retrained,85600.0,Finance
40.0,1.0,0.45180831812479316,Retrained,66000.0,HR
51.0,11.0,0.46547241693395375,Retrained,54500.0,Operations
47.0,5.0,0.5646660088409915,Retrained,67100.0,IT
28.0,4.0,0.5230235272274,Retrained,69300.0,IT
45.0,5.0,0.33063255688916987,Regretted,69100.0,IT
25.0,4.0,0.6619958860718521,Retrained,77500.0,Operations
29.0,0.0,,Unregretted,44800.0,Marketing
44.0,6.0,0.5068433256936712,Retrained,72700.0,Operations
,2.0,0.6345519018304077,Regretted,61100.0,Finance
29.0,2.0,0.4991918112265339,Retrained,67500.0,IT
45.0,3.0,0.4778588891314978,Retrained,81100.0,IT
24.0,0.0,,Retrained,48400.0,Marketing
26.0,0.0,,Retrained,44800.0,Marketing
37.0,8.0,0.43748973552982345,Regretted,61500.0,IT
44.0,2.0,0.6948019641114627,Retrained,67100.0,IT
42.0,1.0,0.39841448597489404,Retrained,72700.0,Finance
50.0,17.0,0.458639145442948,Retrained,68700.0,Finance
51.0,3.0,0.6339407107830137,Retrained,72000.0,IT
41.0,1.0,0.4203560395306159,Retrained,71600.0,Finance
51.0,6.0,0.4797830220850094,Retrained,80100.0,Finance
36.0,11.0,0.16229869272323924,Unregretted,55500.0,Operations
45.0,6.0,0.31864050776887165,Retrained,83400.0,Marketing
30.0,2.0,0.4077457082192263,Regretted,33900.0,HR
32.0,1.0,0.5191725543486009,Regretted,66800.0,Marketing
39.0,1.0,0.555217129803529,Retrained,78700.0,IT
47.0,6.0,0.1710425284146491,Unregretted,51600.0,Operations
48.0,1.0,0.7490446794854453,Retrained,80300.0,Finance
39.0,3.0,0.11346898069862874,Unregretted,37200.0,HR
24.0,1.0,0.5679144852717319,Regretted,78700.0,Finance
29.0,4.0,0.3122681859967838,Retrained,59300.0,Operations
45.0,1.0,0.414721922091266,Retrained,66100.0,Finance
49.0,11.0,0.2792162484265244,Regretted,38800.0,HR
50.0,1.0,0.647578578388322,Retrained,71900.0,Finance
47.0,4.0,0.5588368842763817,Retrained,81100.0,IT
46.0,1.0,0.634558184276506,Retrained,49700.0,HR
40.0,9.0,0.6306401307324412,Retrained,82400.0,Operations
45.0,0.0,,Retrained,89000.0,Marketing
28.0,4.0,0.40310489451547715,Retrained,67300.0,Operations
44.0,6.0,0.2109572284477712,Unregretted,40500.0,Marketing
22.0,2.0,0.5992185366534974,Retrained,37700.0,HR
47.0,2.0,0.3320548581307389,Retrained,82900.0,Finance
52.0,7.0,0.7371659281171018,Retrained,53200.0,Finance
44.0,8.0,0.40265502826942146,Retrained,82600.0,Finance
34.0,1.0,0.2566177386324691,Retrained,53900.0,Marketing
49.0,3.0,0.419338386034463,Retrained,91700.0,Finance
43.0,2.0,0.667289038458871,Retrained,92400.0,Finance
43.0,4.0,0.14658699627882624,Unregretted,48600.0,Operations
24.0,0.0,,Unregretted,76400.0,Marketing
37.0,1.0,0.3750121719433497,Retrained,60200.0,HR
48.0,5.0,0.5417723781411664,Regretted,72100.0,IT
31.0,2.0,0.4091358488925,Retrained,76500.0,IT
31.0,2.0,0.7882906425561785,Retrained,47700.0,HR
27.0,2.0,0.3189043744693406,Retrained,48000.0,HR
37.0,3.0,0.3357444151921795,Retrained,27500.0,Marketing
49.0,3.0,0.42404048045987563,Retrained,51600.0,Marketing
35.0,0.0,,Retrained,82100.0,IT
47.0,7.0,0.34723570075900834,Regretted,87600.0,Marketing
27.0,0.0,,Unregretted,60200.0,Marketing
39.0,5.0,0.3187645694858386,Regretted,60300.0,Operations
38.0,2.0,0.5844157165095099,Retrained,45300.0,HR
41.0,1.0,0.49660828212617936,Retrained,42800.0,Finance
,0.0,,Retrained,51800.0,Marketing
43.0,1.0,0.5841004245937895,Retrained,42600.0,Finance
37.0,1.0,0.44879567858422764,Retrained,62800.0,Finance
42.0,3.0,0.5356025914676471,Retrained,92900.0,Marketing
24.0,4.0,0.8108884321048064,Regretted,82700.0,Operations
36.0,12.0,0.6413433738996068,Retrained,67400.0,Operations
33.0,2.0,0.610211131384941,Retrained,74400.0,IT
50.0,7.0,0.2701141463816511,Retrained,52400.0,HR
35.0,4.0,0.38396256808244805,Retrained,34400.0,HR
40.0,10.0,0.4183015520714905,Retrained,36600.0,HR
24.0,4.0,0.4355520801185473,Retrained,59100.0,Operations
45.0,2.0,0.2274800505128722,Unregretted,74300.0,Finance
23.0,2.0,0.32555588840998906,Retrained,47800.0,HR
,5.0,0.49160346681412687,Retrained,55700.0,Marketing
38.0,2.0,0.4578093837417101,Retrained,55300.0,HR
38.0,2.0,0.5007977081841054,Retrained,84500.0,Finance
46.0,4.0,0.5683110641777067,Retrained,43100.0,Finance
52.0,6.0,0.6318761536256984,Retrained,65000.0,Marketing
36.0,2.0,0.5481687306673205,Retrained,70300.0,IT
44.0,3.0,0.27565303381941997,Retrained,69200.0,IT
52.0,9.0,0.528283083195653,Retrained,59300.0,Finance
30.0,1.0,0.7159366785587769,Retrained,64100.0,Finance
49.0,6.0,0.43482233818169663,Retrained,82300.0,Finance
52.0,2.0,0.2992686902159576,Retrained,51800.0,Finance
29.0,1.0,0.3325077562803648,Retrained,52900.0,HR
47.0,3.0,0.5921956884537545,Retrained,37900.0,Marketing
40.0,1.0,0.5270999153135052,Retrained,42900.0,Finance
31.0,3.0,0.44545217064193504,Retrained,68700.0,IT
26.0,4.0,0.14470011052678736,Unregretted,67500.0,IT
27.0,2.0,0.5118131964156873,Retrained,41100.0,HR
38.0,5.0,0.47970859793396553,Retrained,38900.0,Operations
50.0,4.0,0.5096558835383963,Retrained,73100.0,IT
31.0,2.0,0.10743941184820362,Unregretted,86500.0,Marketing
40.0,9.0,0.28390758002397215,Retrained,80300.0,IT
34.0,5.0,0.7466024222717413,Regretted,67700.0,Operations
45.0,1.0,0.6637432082011983,Retrained,55500.0,HR
27.0,0.0,,Retrained,53700.0,HR
49.0,2.0,0.35915123815387734,Retrained,52400.0,HR
34.0,9.0,0.548508555506193,Retrained,42100.0,Operations
29.0,4.0,0.08536693694685334,Unregretted,50800.0,IT
33.0,2.0,0.6093436242618167,Retrained,76100.0,IT
45.0,1.0,0.5862226573627883,Retrained,33900.0,HR
40.0,1.0,0.2673254553519238,Retrained,58500.0,IT
36.0,3.0,0.30967677839475644,Retrained,68000.0,IT
36.0,1.0,0.43131015769817144,Retrained,43300.0,Finance
26.0,1.0,0.6216325890439943,Regretted,94800.0,Finance
35.0,2.0,0.4392158745769019,Retrained,41400.0,HR
51.0,1.0,0.6800391963938605,Regretted,83000.0,IT
27.0,1.0,0.18919982666128177,Unregretted,71300.0,Finance
35.0,3.0,0.4430319779183298,Regretted,71500.0,IT
35.0,4.0,0.5273008318756416,Retrained,76500.0,IT
31.0,1.0,0.5870348248101238,Retrained,44200.0,Finance
,1.0,0.4746724792523252,Retrained,62000.0,Finance
50.0,3.0,0.4043212156751854,Retrained,70500.0,Finance
50.0,2.0,0.33692951473006877,Retrained,66700.0,IT
54.0,0.0,,Retrained,63300.0,IT
49.0,6.0,0.5694587620874946,Retrained,81400.0,Finance
48.0,9.0,0.29547285870073653,Retrained,69600.0,IT
34.0,1.0,0.33005494518276174,Retrained,49900.0,HR
46.0,6.0,0.49639972754014167,Retrained,60800.0,IT
29.0,2.0,0.6736547469310575,Retrained,60200.0,HR
24.0,3.0,0.45161024202333183,Retrained,61300.0,IT
41.0,0.0,,Retrained,49400.0,Marketing
47.0,9.0,0.26153126376513397,Retrained,67600.0,Finance
27.0,4.0,0.6492149835898664,Retrained,62900.0,Operations
53.0,11.0,0.6167670859811731,Retrained,52400.0,Operations
,1.0,0.31536843612653404,Retrained,50000.0,Finance
22.0,4.0,0.3440944294485537,Retrained,71500.0,IT
52.0,11.0,0.4438899444557047,Retrained,63200.0,Finance
44.0,1.0,0.20445745075117341,Unregretted,76700.0,Finance
48.0,9.0,0.4123799844818305,Retrained,60000.0,Marketing
24.0,4.0,0.27446349533545505,Retrained,61100.0,Operations
28.0,2.0,0.43656422994705446,Retrained,56500.0,IT
39.0,13.0,0.3411340103659605,Retrained,63900.0,Operations
46.0,2.0,0.5198616942186882,Retrained,47200.0,Marketing
39.0,1.0,0.6234377937230053,Retrained,65000.0,IT
27.0,1.0,0.5678636319222405,Retrained,57700.0,Finance
24.0,0.0,,Retrained,51400.0,Marketing
37.0,2.0,0.2758844390735081,Retrained,63600.0,Marketing
,2.0,0.3855790803322585,Retrained,52200.0,HR
48.0,1.0,0.17561874329036228,Unregretted,55900.0,Finance
26.0,6.0,0.4518299852500595,Regretted,70500.0,Operations
,2.0,0.16828700371316596,Unregretted,64100.0,Finance
38.0,1.0,0.5675909595766341,Regretted,46700.0,HR
38.0,5.0,0.39653336709751624,Retrained,72800.0,Operations
43.0,16.0,0.3998055913790532,Retrained,55500.0,HR
33.0,1.0,1.0,Retrained,91500.0,Finance
51.0,3.0,0.7576389821415607,Regretted,66500.0,Finance
26.0,2.0,0.4118990453195779,Regretted,35600.0,HR
26.0,2.0,0.31120609718109427,Retrained,46200.0,HR
24.0,4.0,0.51045212765771,Retrained,53400.0,Operations
27.0,4.0,0.418117930156531,Retrained,54100.0,Operations
35.0,1.0,0.5757586583401099,Retrained,52600.0,Finance
32.0,1.0,0.3010322368217779,Retrained,60700.0,IT
37.0,7.0,0.5691954225000346,Regretted,77700.0,Marketing
,3.0,0.5176205106464485,Retrained,60500.0,Finance
29.0,0.0,,Retrained,88400.0,Marketing
29.0,0.0,,Retrained,52900.0,Marketing
25.0,4.0,0.5892288090562992,Regretted,85300.0,IT
51.0,27.0,0.1937590653258706,Unregretted,70500.0,Finance
42.0,2.0,0.5606606769263327,Retrained,84900.0,IT
47.0,14.0,0.2302143779256874,Unregretted,43400.0,Operations
23.0,0.0,,Retrained,9300.0,Marketing
,0.0,,Retrained,82300.0,Marketing
41.0,4.0,0.39852842128319593,Retrained,82400.0,IT
27.0,4.0,0.5544967732773644,Retrained,81200.0,IT
25.0,4.0,0.3452707987729987,Retrained,64500.0,Operations
30.0,0.0,,Retrained,50400.0,Marketing
50.0,4.0,0.602353596137014,Retrained,65300.0,Operations
35.0,6.0,0.02811829998171666,Unregretted,48100.0,Operations
49.0,7.0,0.47117298377617006,Retrained,62400.0,Marketing
51.0,27.0,0.6218768773466483,Retrained,74300.0,Operations
29.0,0.0,,Retrained,48300.0,Marketing
25.0,2.0,0.3196448588314678,Retrained,40200.0,HR
47.0,8.0,0.6822478409015431,Retrained,74700.0,Finance
47.0,1.0,0.3739941844791555,Retrained,67800.0,Finance
45.0,2.0,0.7289069616250644,Retrained,29100.0,Marketing
38.0,1.0,0.36645961291044415,Retrained,86300.0,Finance
52.0,29.0,0.32649936584209305,Retrained,59300.0,Finance
49.0,28.0,0.6739245328552984,Retrained,63000.0,Operations
49.0,2.0,0.31778493400956653,Regretted,50300.0,Finance
26.0,2.0,0.13951262154976043,Unregretted,52600.0,HR
52.0,10.0,0.5695765025011411,Retrained,43500.0,Finance
38.0,5.0,0.5058229730155268,Retrained,80800.0,Operations
33.0,0.0,,Unregretted,85700.0,Marketing
45.0,10.0,0.45405481239973555,Retrained,74600.0,IT
31.0,1.0,0.6470541468093756,Retrained,73800.0,Finance
43.0,0.0,,Retrained,68400.0,Marketing
24.0,3.0,0.6041673668225027,Retrained,78500.0,IT
46.0,1.0,0.34254495883875036,Retrained,42900.0,HR
35.0,8.0,0.43503570101842187,Retrained,70700.0,Operations
,0.0,,Retrained,118900.0,Marketing
38.0,3.0,0.42579229336999175,Retrained,79700.0,IT
46.0,16.0,0.42626809100694335,Retrained,50400.0,Operations
40.0,6.0,0.4146415942427308,Retrained,63400.0,Operations
44.0,5.0,0.4384371776945354,Retrained,63100.0,IT
45.0,4.0,0.25256788141391145,Retrained,38000.0,Marketing
45.0,2.0,0.33165074421961227,Regretted,70300.0,IT
37.0,2.0,0.4256744680167261,Retrained,74800.0,IT
46.0,3.0,0.30094356789236354,Regretted,81200.0,IT
41.0,7.0,0.3311721600689708,Retrained,46800.0,HR
38.0,8.0,0.5281846586332876,Retrained,58800.0,Operations
42.0,5.0,0.36999372432628946,Regretted,53200.0,Finance
24.0,3.0,0.43255188017981827,Retrained,68300.0,IT
45.0,2.0,0.5159396696505107,Retrained,73400.0,Finance
36.0,4.0,0.699511373093426,Retrained,65400.0,Operations
27.0,2.0,0.5345863648945066,Retrained,61700.0,HR
37.0,1.0,0.3899245948034597,Retrained,44300.0,HR
42.0,4.0,0.6347909998319307,Retrained,61000.0,Operations
46.0,6.0,0.41834955872041835,Retrained,66200.0,Operations
34.0,1.0,0.527619887013871,Retrained,56100.0,Finance
26.0,2.0,0.5161343756720844,Regretted,52400.0,HR
44.0,1.0,0.4182142296670158,Retrained,71200.0,Finance
31.0,8.0,0.40332445608673895,Retrained,67200.0,Operations
51.0,2.0,0.3913028046934758,Retrained,59600.0,Finance
33.0,2.0,0.5149764685925364,Retrained,83400.0,IT
32.0,6.0,0.5457443954687122,Regretted,55000.0,HR
48.0,13.0,0.5337549960567495,Retrained,77500.0,Finance
45.0,1.0,0.23524801738823578,Unregretted,43700.0,Marketing
25.0,4.0,0.5229652668784993,Retrained,79400.0,IT
,8.0,0.4967522822315811,Retrained,68300.0,Finance
48.0,13.0,0.655944255021402,Retrained,93900.0,IT
26.0,4.0,0.22961845182567803,Unregretted,52400.0,Operations
38.0,4.0,0.5899928054956712,Retrained,47500.0,Operations
32.0,0.0,,Unregretted,85500.0,Marketing
48.0,1.0,0.3757563895186232,Retrained,58500.0,IT
45.0,0.0,,Retrained,44300.0,Marketing
38.0,3.0,0.6708666062927475,Retrained,78800.0,IT
38.0,3.0,0.4191175348551362,Retrained,70800.0,IT
51.0,14.0,0.33047229085828556,Retrained,55800.0,Operations
39.0,5.0,0.4374446886675563,Retrained,53200.0,HR
50.0,6.0,0.5141330045191547,Retrained,88300.0,IT
33.0,0.0,,Retrained,75000.0,IT
54.0,0.0,,Retrained,33600.0,Marketing
52.0,2.0,0.26409617862972706,Retrained,65900.0,Finance
48.0,4.0,0.5120856238624075,Retrained,54900.0,Operations
26.0,4.0,0.41622475967657385,Retrained,82300.0,Operations
53.0,3.0,0.23145951356616737,Unregretted,61700.0,Finance
45.0,11.0,0.5523879010208362,Retrained,45900.0,Finance
37.0,7.0,0.47051151338949526,Retrained,82500.0,IT
54.0,2.0,0.13964855095015136,Unregretted,72100.0,Finance
29.0,2.0,0.2604056331182149,Retrained,48200.0,HR
33.0,1.0,0.332183394807337,Retrained,80600.0,Finance
32.0,2.0,0.3714257181661282,Retrained,67600.0,Marketing
,1.0,0.3719501144827707,Retrained,65100.0,Finance
,9.0,0.3372840556592801,Retrained,60600.0,Operations
42.0,5.0,0.7696404846974387,Regretted,73000.0,Operations
23.0,2.0,0.27274552280674946,Retrained,36400.0,HR
32.0,1.0,0.3647446996188439,Retrained,76200.0,Finance
46.0,9.0,0.20871579500567702,Unregretted,50600.0,Operations
35.0,2.0,0.7138128369302279,Retrained,105400.0,Marketing
42.0,4.0,0.4771298807866373,Retrained,56600.0,Finance
28.0,0.0,,Retrained,26600.0,Marketing
48.0,7.0,0.5893238755343487,Retrained,80700.0,Finance
,1.0,0.23597352502052799,Unregretted,52600.0,Finance
54.0,7.0,0.4930202338877879,Retrained,80000.0,Marketing
23.0,4.0,0.2759715963269749,Retrained,58600.0,Operations
39.0,2.0,0.3948799121283922,Retrained,54600.0,HR
53.0,6.0,0.5042227702220738,Retrained,56800.0,Operations
40.0,10.0,0.46430535726308464,Retrained,54100.0,Marketing
46.0,2.0,0.3307293537069096,Retrained,31900.0,Marketing
,2.0,0.3552233716850534,Regretted,58500.0,HR
44.0,5.0,0.6974348079939015,Retrained,53900.0,Operations
31.0,1.0,0.3464513086960492,Regretted,51600.0,HR
48.0,1.0,0.5452996178428202,Retrained,76600.0,Finance
46.0,5.0,0.5241634156959236,Retrained,75000.0,IT
53.0,16.0,0.43545162104526036,Retrained,60400.0,Finance
25.0,0.0,,Retrained,42700.0,Marketing
48.0,5.0,0.43437267286534553,Retrained,54500.0,Operations
54.0,11.0,0.5230578115587128,Retrained,57400.0,Operations
29.0,1.0,0.6794429282573367,Retrained,30200.0,Marketing
29.0,2.0,0.2631343002844879,Retrained,53400.0,HR
47.0,3.0,0.5047145995601034,Retrained,30700.0,Marketing
46.0,1.0,0.5005951545286801,Retrained,64600.0,HR
25.0,1.0,0.44097243428918403,Retrained,72600.0,Finance
38.0,2.0,0.06091798328979891,Unregretted,45500.0,HR
,4.0,0.41941279545637117,Regretted,51200.0,Operations
29.0,7.0,0.388640383310425,Retrained,61800.0,Operations
49.0,2.0,0.46062724924412995,Retrained,70900.0,Marketing
50.0,10.0,0.4874990465082394,Retrained,71000.0,Operations
43.0,3.0,0.6820883345240171,Retrained,48400.0,Finance
28.0,0.0,,Retrained,53000.0,Marketing
36.0,2.0,0.2522694758011665,Retrained,64500.0,IT
45.0,3.0,0.6040822019966507,Retrained,49500.0,Marketing
38.0,4.0,0.3769596762397487,Retrained,76100.0,IT
48.0,1.0,0.5438619527638351,Retrained,58000.0,HR
48.0,9.0,0.2670090704654972,Retrained,85000.0,IT
27.0,4.0,0.4928105319137888,Retrained,72400.0,IT
44.0,3.0,0.5860707980625879,Retrained,58200.0,IT
24.0,4.0,0.34859714790537255,Retrained,56500.0,IT
45.0,0.0,,Retrained,69800.0,Marketing
45.0,8.0,0.6350333986126278,Regretted,74600.0,Finance
38.0,2.0,0.46654160145250007,Regretted,73300.0,HR
48.0,2.0,0.6854627870147811,Retrained,76200.0,Finance
34.0,1.0,0.6694277598017837,Retrained,56100.0,HR
28.0,2.0,0.16025307062944813,Unregretted,41600.0,HR
29.0,0.0,,Retrained,48800.0,HR
32.0,2.0,0.438831097916551,Retrained,55400.0,Marketing
50.0,8.0,0.5135302485212706,Retrained,76200.0,Finance
46.0,6.0,0.5220297429730648,Retrained,31500.0,Finance
28.0,0.0,,Retrained,62100.0,IT
46.0,4.0,0.2105028053381231,Unregretted,54200.0,Operations
32.0,2.0,0.5155896565164418,Retrained,80800.0,IT
46.0,3.0,0.3563417245052248,Retrained,76300.0,IT
36.0,1.0,0.5320746821328282,Regretted,66100.0,Finance
25.0,4.0,0.41177044572779925,Regretted,64400.0,IT
37.0,7.0,0.5520535791105615,Retrained,69100.0,IT
26.0,2.0,0.6883231528916384,Retrained,29600.0,HR
29.0,4.0,0.39287790944052325,Retrained,50700.0,Operations
41.0,10.0,0.5105841630266448,Retrained,81900.0,IT
45.0,1.0,0.37063819004407633,Retrained,68500.0,IT
25.0,2.0,0.37639003625492823,Retrained,40400.0,HR
48.0,9.0,0.3457907516132403,Regretted,59600.0,Marketing
,10.0,0.39112064834210425,Regretted,68100.0,Finance
51.0,9.0,0.3576893078313931,Regretted,43500.0,Finance
,3.0,0.3441702350575604,Retrained,51200.0,Marketing
47.0,2.0,0.6701867369928345,Retrained,63400.0,HR
23.0,4.0,0.4696667932486215,Retrained,64900.0,Operations
51.0,4.0,0.31262410301660837,Retrained,55900.0,Operations
47.0,9.0,0.6254910057293424,Retrained,50400.0,HR
41.0,3.0,0.6012974637414767,Retrained,55500.0,Marketing
27.0,0.0,,Retrained,76100.0,Marketing
44.0,6.0,0.628370590625005,Retrained,66500.0,Finance
29.0,4.0,0.7076379784205021,Retrained,66500.0,Operations
46.0,11.0,0.07044714686458275,Unregretted,53200.0,Finance
39.0,4.0,0.6333930644901729,Retrained,63600.0,Operations
25.0,1.0,0.29889920445652907,Retrained,56200.0,Finance
28.0,4.0,0.7014440805121014,Retrained,89200.0,IT
36.0,8.0,0.6062560417448489,Retrained,81800.0,Operations
40.0,13.0,0.7650909576929584,Retrained,62100.0,HR
27.0,2.0,0.33457292773262864,Retrained,67400.0,IT
37.0,2.0,0.4458125086808205,Retrained,74300.0,IT
37.0,4.0,0.6597917717552559,Regretted,80700.0,Operations
53.0,7.0,0.47743921515434656,Retrained,53600.0,Marketing
49.0,10.0,0.5324913775513398,Retrained,74100.0,Finance
28.0,0.0,,Retrained,34700.0,Marketing
37.0,5.0,0.5748829726835507,Retrained,54800.0,Operations
33.0,1.0,0.4323270129008342,Retrained,41000.0,HR
38.0,4.0,0.5743979746368613,Regretted,70500.0,IT
27.0,2.0,0.474697117123464,Retrained,58200.0,HR
41.0,5.0,0.49685463402872376,Retrained,90400.0,Marketing
49.0,10.0,0.3354187810648459,Retrained,71100.0,Finance
50.0,2.0,0.4651745879407021,Retrained,69500.0,Finance
,0.0,,Retrained,35400.0,Marketing
32.0,1.0,0.45025696755409605,Retrained,60900.0,Finance
31.0,4.0,0.8383986072379183,Retrained,57900.0,Operations
43.0,1.0,0.4961290808241488,Retrained,72600.0,Finance
30.0,2.0,0.42795319906506135,Retrained,78900.0,Marketing
43.0,3.0,0.39965258634552153,Retrained,74900.0,Finance
28.0,1.0,0.11516811393311134,Unregretted,76600.0,Finance
30.0,0.0,,Retrained,46600.0,Marketing
43.0,4.0,0.17870124261881293,Unregretted,50800.0,HR
41.0,4.0,0.5246860845085028,Retrained,54800.0,HR
25.0,4.0,0.3278840930057653,Retrained,66700.0,IT
48.0,9.0,0.3651026606786408,Regretted,74900.0,Finance
22.0,0.0,,Retrained,52100.0,Marketing
40.0,2.0,0.512791161701226,Retrained,32000.0,Marketing
50.0,14.0,0.752255735691302,Regretted,101800.0,Marketing
24.0,4.0,0.47580237895933064,Retrained,64400.0,Operations
32.0,1.0,0.38877804144201217,Retrained,50800.0,HR
47.0,4.0,0.6312674457494662,Retrained,85700.0,Finance
24.0,4.0,0.38392270764135467,Retrained,54200.0,Operations
32.0,4.0,0.4687014120328883,Retrained,73600.0,IT
49.0,0.0,,Retrained,7700.0,Marketing
27.0,4.0,0.4241934718697682,Retrained,74400.0,IT
42.0,1.0,0.6794776459833513,Retrained,59700.0,Marketing
24.0,0.0,,Retrained,85300.0,Marketing
50.0,7.0,0.5161423648771583,Retrained,51800.0,Marketing
45.0,5.0,0.1532208787065596,Unregretted,55000.0,Operations
42.0,1.0,0.22549600004945425,Unregretted,67500.0,Marketing
52.0,21.0,0.5040967220888296,Retrained,53200.0,Marketing
38.0,2.0,0.8490205782282885,Regretted,58700.0,HR
36.0,8.0,0.5440666388055253,Retrained,59900.0,Operations
42.0,7.0,0.6592357381000291,Retrained,69800.0,Operations
44.0,2.0,0.5721568682488125,Retrained,64600.0,Finance
35.0,0.0,,Retrained,76600.0,Marketing
,10.0,0.6405821028678327,Retrained,69900.0,IT
26.0,0.0,,Retrained,48000.0,Marketing
45.0,0.0,,Retrained,45700.0,HR
36.0,2.0,0.6921362498365825,Retrained,58100.0,Marketing
,2.0,0.6386349264493332,Regretted,47400.0,HR
39.0,3.0,0.632182642723114,Retrained,77300.0,Finance
29.0,1.0,0.32796051308363616,Retrained,37100.0,HR
25.0,2.0,0.4555498306242679,Retrained,45400.0,HR
54.0,6.0,0.4199743300606605,Retrained,74600.0,Finance
34.0,2.0,0.4712203560478815,Retrained,43200.0,Marketing
47.0,24.0,0.41230129124667303,Retrained,57100.0,Operations
50.0,11.0,0.4898503764015205,Retrained,64100.0,Operations
33.0,4.0,0.4857048362831227,Retrained,55300.0,Operations
49.0,9.0,0.3459997589332353,Retrained,53600.0,Operations
52.0,7.0,0.8084341818129578,Retrained,77200.0,Finance
31.0,2.0,0.43742976272737827,Retrained,25700.0,HR
33.0,2.0,0.5137023977938996,Retrained,69800.0,IT
50.0,3.0,0.259490507054517,Retrained,45100.0,Finance
51.0,15.0,0.19120590159544532,Unregretted,24500.0,Marketing
38.0,8.0,0.2232066733530113,Unregretted,84700.0,Marketing
32.0,9.0,0.6259898225246311,Retrained,74400.0,Operations
41.0,1.0,0.2655942532758598,Retrained,41100.0,Marketing
43.0,3.0,0.3905775949643383,Retrained,65000.0,IT
34.0,5.0,0.48233209981684605,Retrained,55300.0,Operations
44.0,6.0,0.5108005164663546,Retrained,64300.0,Operations
32.0,2.0,0.19844685958217584,Unregretted,82000.0,IT
52.0,1.0,0.20240690582439155,Unregretted,60100.0,Finance
46.0,1.0,0.6246877751899206,Regretted,71000.0,Finance
41.0,5.0,0.09827057602957467,Unregretted,64100.0,IT
34.0,1.0,0.46660217038520035,Retrained,53100.0,Finance
28.0,4.0,0.3347631425656268,Retrained,66900.0,IT
34.0,0.0,,Retrained,66300.0,HR
30.0,6.0,0.5418684534843796,Retrained,83500.0,Operations
36.0,13.0,0.37116873601246747,Regretted,54300.0,Operations
47.0,5.0,0.9763887995739032,Retrained,98000.0,Finance
33.0,9.0,0.49798381361853233,Retrained,70700.0,Operations
37.0,3.0,0.7471824607916769,Retrained,80800.0,Marketing
35.0,2.0,0.6307306474959962,Retrained,94100.0,Marketing
38.0,5.0,0.7250312130239172,Regretted,58200.0,Marketing
43.0,7.0,0.25532048475747066,Retrained,64800.0,Operations
34.0,3.0,0.48985082669121527,Retrained,69200.0,Marketing
26.0,4.0,0.47938155497374474,Retrained,64600.0,Operations
29.0,3.0,0.5946858145637061,Retrained,68800.0,IT
40.0,4.0,0.4037505794741969,Retrained,87000.0,IT
35.0,1.0,0.5514805856086571,Retrained,67400.0,IT
43.0,3.0,0.5331937683253266,Retrained,88300.0,Finance
47.0,2.0,0.49030018959578914,Retrained,79900.0,Finance
41.0,4.0,0.6972050763326685,Retrained,59500.0,Finance
29.0,2.0,0.24229118993988144,Unregretted,40200.0,HR
36.0,0.0,,Retrained,68700.0,Marketing
29.0,4.0,0.3099655200060129,Retrained,63400.0,Operations
36.0,3.0,0.2437349711999949,Unregretted,38600.0,Marketing
46.0,4.0,0.5100195331794609,Retrained,62300.0,IT
48.0,5.0,0.5820190586325702,Retrained,68600.0,Operations
42.0,1.0,0.5171460213208708,Retrained,48000.0,Finance
50.0,5.0,0.31952223063816065,Retrained,43300.0,Marketing
50.0,3.0,0.5639626212396628,Retrained,84300.0,IT
54.0,2.0,0.47367276819115056,Retrained,64700.0,Finance
,1.0,0.4200310705989586,Retrained,53400.0,Finance
49.0,12.0,0.7693234576201661,Retrained,53200.0,Operations
49.0,1.0,0.7022397017306984,Retrained,35000.0,HR
52.0,4.0,0.7896764279257988,Retrained,69400.0,Operations
48.0,5.0,0.4477025700483742,Retrained,24700.0,Marketing
45.0,1.0,0.12979955502428264,Unregretted,63200.0,IT
39.0,2.0,0.43486285669561114,Retrained,29200.0,HR
29.0,4.0,0.6788716100356853,Retrained,67000.0,IT
34.0,4.0,0.7898489960533639,Retrained,59800.0,IT
36.0,5.0,0.7187594627089876,Regretted,74400.0,Operations
40.0,2.0,0.509042784410669,Retrained,74400.0,IT
34.0,0.0,,Retrained,79000.0,Marketing
37.0,2.0,0.26208997712314586,Retrained,64300.0,Marketing
31.0,8.0,0.3468263224379881,Retrained,64500.0,Operations
23.0,4.0,0.5544276047860515,Retrained,60400.0,Operations
,4.0,0.4671708411462348,Retrained,58100.0,Operations
41.0,3.0,0.6189988657474865,Retrained,81800.0,Finance
34.0,3.0,0.3479849879671324,Regretted,39200.0,HR
53.0,0.0,,Retrained,83600.0,Marketing
46.0,8.0,0.49338219403090927,Retrained,50900.0,Finance
45.0,16.0,0.3365240805451875,Retrained,46400.0,HR
,9.0,0.24854082362586463,Unregretted,54700.0,Marketing
39.0,1.0,0.599142280780667,Retrained,72600.0,Finance
49.0,11.0,0.563339845781739,Retrained,54100.0,Finance
47.0,6.0,0.5698533288147288,Retrained,66700.0,Finance
45.0,14.0,0.3712878228243526,Retrained,70200.0,Operations
31.0,1.0,0.6488212037464953,Retrained,56100.0,Finance
43.0,0.0,,Retrained,70300.0,IT
31.0,1.0,0.19614136693064857,Unregretted,60300.0,Finance
34.0,4.0,0.7548171615571121,Retrained,47600.0,HR
,3.0,0.4726106569324664,Retrained,68900.0,IT
27.0,4.0,0.18852976079425163,Unregretted,87900.0,IT
29.0,1.0,0.40785134110433724,Retrained,46800.0,HR
35.0,6.0,0.3543821746207935,Retrained,72500.0,Marketing
,2.0,0.493787681663377,Retrained,40500.0,HR
38.0,4.0,0.4904684547388256,Retrained,84700.0,IT
41.0,5.0,0.3403702665027117,Retrained,102300.0,Marketing
51.0,17.0,0.6605632970137084,Retrained,63000.0,Marketing
43.0,8.0,0.5389346104268636,Retrained,55500.0,Marketing
30.0,3.0,0.3754789978739276,Retrained,78900.0,IT
27.0,0.0,,Retrained,63700.0,Marketing
43.0,1.0,0.44488814642248303,Retrained,46300.0,Marketing
35.0,1.0,0.4916812767735754,Retrained,82600.0,IT
46.0,15.0,0.5705229249576241,Retrained,51800.0,Finance
45.0,10.0,0.18380585402370217,Unregretted,38000.0,HR
29.0,2.0,0.3174466388281061,Retrained,48400.0,HR
30.0,1.0,0.6445787677131593,Retrained,61700.0,Finance
23.0,1.0,0.5824555100742579,Retrained,48400.0,Finance
45.0,5.0,0.382328500087367,Retrained,67600.0,Operations
39.0,1.0,0.5630302216831233,Retrained,33800.0,HR
49.0,3.0,0.3719101078894091,Retrained,77900.0,Finance
22.0,2.0,0.2715845264486091,Retrained,45100.0,HR
34.0,4.0,0.5356800126899695,Retrained,68600.0,IT
36.0,3.0,0.8287835606041851,Retrained,69600.0,IT
40.0,8.0,0.3271931101450792,Retrained,66800.0,Operations
29.0,4.0,0.374079240377655,Retrained,79500.0,IT
44.0,8.0,0.25994026955196053,Retrained,63900.0,Operations
33.0,4.0,0.40942238035970496,Retrained,62500.0,Marketing
26.0,4.0,0.39368247682631624,Retrained,59300.0,Operations
48.0,1.0,0.7890179905371806,Retrained,39000.0,Marketing
28.0,4.0,0.44004226119863005,Retrained,62900.0,IT
,1.0,0.7526604025050726,Retrained,38600.0,HR
38.0,7.0,0.5209710064528776,Retrained,60700.0,Operations
46.0,6.0,0.47721012383656,Regretted,78300.0,Finance
46.0,2.0,0.4856541788960516,Retrained,47000.0,HR
,5.0,0.2990203860322561,Retrained,59000.0,Operations
29.0,1.0,0.43400001085771855,Retrained,51100.0,HR
46.0,3.0,0.5623486955601598,Retrained,70600.0,IT
24.0,2.0,0.4581986245980733,Retrained,45400.0,HR
52.0,4.0,0.29021398701638096,Retrained,62300.0,Finance
41.0,2.0,0.5664006834390929,Retrained,82200.0,Finance
41.0,0.0,,Retrained,69700.0,IT
23.0,0.0,,Retrained,60000.0,Marketing
48.0,0.0,,Retrained,55700.0,Marketing
34.0,2.0,0.5349532352227998,Retrained,26000.0,Marketing
,0.0,,Retrained,63000.0,HR
24.0,3.0,0.4066748915651941,Retrained,65700.0,Operations
29.0,4.0,0.592425316951672,Retrained,74000.0,IT
43.0,7.0,0.38962514464943865,Retrained,57300.0,Operations
,6.0,0.446657201019225,Retrained,38600.0,HR
38.0,3.0,0.3136826815664735,Retrained,60000.0,HR
46.0,5.0,0.27867407532616423,Retrained,26700.0,HR
22.0,1.0,0.44441046299865694,Retrained,63100.0,Operations
47.0,4.0,0.3403675168518073,Retrained,69600.0,Operations
28.0,3.0,0.4290588467508562,Retrained,61400.0,IT
,1.0,0.7037029088210314,Regretted,80100.0,Finance
34.0,3.0,0.37875693004741723,Retrained,31700.0,HR
50.0,4.0,0.2209141320715416,Unregretted,83500.0,Marketing
29.0,4.0,0.22648473572804056,Unregretted,54400.0,IT
47.0,0.0,,Retrained,71600.0,IT
37.0,1.0,0.6306816485327731,Regretted,81900.0,Finance
40.0,3.0,0.4235073688116191,Retrained,54100.0,HR
29.0,4.0,0.7080282351778213,Retrained,70700.0,IT
29.0,0.0,,Retrained,75400.0,Marketing
28.0,4.0,0.7364929067881847,Retrained,77300.0,Operations
37.0,4.0,0.517085157786257,Retrained,50500.0,Operations
52.0,1.0,0.41489462509890773,Retrained,72400.0,Marketing
28.0,0.0,,Retrained,58200.0,Marketing
24.0,2.0,0.417025078311318,Retrained,49500.0,HR
47.0,2.0,0.38830327261910474,Retrained,72600.0,Finance
29.0,4.0,0.6514455903784108,Retrained,46200.0,Operations
45.0,10.0,0.39025655591929737,Retrained,81900.0,IT
35.0,1.0,0.43573520509139424,Retrained,54200.0,HR
26.0,4.0,0.24808055230089873,Unregretted,66600.0,IT
40.0,2.0,0.31398928610620574,Retrained,71800.0,Finance
51.0,0.0,,Unregretted,64500.0,Marketing
35.0,6.0,0.6657168163401123,Retrained,58000.0,HR
42.0,1.0,0.653981011967979,Retrained,59000.0,HR
,2.0,0.22011177889477038,Unregretted,49700.0,HR
49.0,2.0,0.3063575439033073,Retrained,69600.0,IT
33.0,11.0,0.35163113011458114,Retrained,58900.0,Operations
27.0,2.0,0.14514960878022268,Unregretted,28700.0,HR
25.0,0.0,,Retrained,72000.0,Marketing
48.0,4.0,0.20789204645862885,Unregretted,56800.0,Operations
37.0,4.0,0.419728770391845,Retrained,65200.0,IT
45.0,1.0,0.5092083230271068,Retrained,49700.0,HR
27.0,5.0,0.3549778605083179,Retrained,42700.0,Operations
48.0,0.0,,Retrained,111800.0,Marketing
40.0,6.0,0.56252593305933,Retrained,70800.0,IT
49.0,11.0,0.4810475865958144,Regretted,45300.0,Finance
34.0,4.0,0.3485161819932794,Retrained,67300.0,IT
36.0,5.0,0.4077422586295447,Retrained,78200.0,Operations
35.0,3.0,0.22320556048210477,Unregretted,78100.0,IT
27.0,4.0,0.35643682693688367,Retrained,88200.0,IT
44.0,2.0,0.37815467142488113,Retrained,78600.0,Finance
,2.0,0.5479036160211078,Retrained,39300.0,HR
45.0,5.0,0.557218401312958,Retrained,71200.0,Finance
49.0,4.0,0.44406364211097327,Retrained,74700.0,IT
35.0,6.0,0.47017959097601586,Retrained,30700.0,Marketing
51.0,12.0,0.45950089799017035,Retrained,40700.0,Marketing
42.0,1.0,0.14972029277332674,Unregretted,48700.0,HR
40.0,5.0,0.349436238370524,Regretted,58000.0,Operations
51.0,11.0,0.3768864696155573,Retrained,64700.0,Finance
32.0,2.0,0.6021389225088892,Retrained,24200.0,Marketing
48.0,1.0,0.5262144210642937,Retrained,71300.0,Finance
46.0,17.0,0.17265581563266041,Unregretted,46600.0,Operations
49.0,5.0,0.32190323497151646,Retrained,66000.0,Finance
53.0,2.0,0.5705800835901268,Retrained,93000.0,Finance
24.0,1.0,0.6980555743937928,Retrained,78500.0,Finance
,6.0,0.4693757148079112,Retrained,60800.0,Finance
46.0,1.0,0.3410128231703315,Retrained,78800.0,Finance
48.0,5.0,0.4740333767233251,Regretted,42200.0,Operations
49.0,27.0,0.42170482774570045,Retrained,75400.0,Marketing
50.0,6.0,0.4003765502700157,Retrained,64600.0,Finance
39.0,6.0,0.37640825905681113,Retrained,54900.0,Operations
27.0,2.0,0.5789344995554351,Retrained,48900.0,HR
,11.0,0.33470309773348417,Retrained,58700.0,Operations
35.0,4.0,0.4580192258794086,Retrained,55400.0,Operations
48.0,10.0,0.5204596228216378,Retrained,65900.0,Operations
28.0,4.0,0.5322773733043027,Retrained,62800.0,IT
24.0,4.0,0.3168497816252396,Retrained,58100.0,Operations
30.0,2.0,0.14931910161535358,Unregretted,68300.0,IT
28.0,4.0,0.3185014634386156,Retrained,62200.0,IT
41.0,0.0,,Retrained,48300.0,HR
46.0,4.0,0.25390913539132837,Retrained,70600.0,Finance
32.0,7.0,0.47340825160457406,Retrained,59800.0,Operations
27.0,4.0,0.45704146081868674,Retrained,58500.0,Operations
45.0,2.0,0.4389231341361831,Regretted,49800.0,Finance
32.0,4.0,0.43575461313299,Retrained,86700.0,IT
46.0,1.0,0.18735573747906087,Unregretted,44900.0,HR
33.0,0.0,,Retrained,71500.0,Marketing
41.0,0.0,,Retrained,55000.0,HR
42.0,3.0,0.36769950472646845,Retrained,81300.0,IT
44.0,2.0,0.45806929824728887,Retrained,67700.0,IT
46.0,2.0,0.5186682581746797,Retrained,39300.0,Marketing
35.0,3.0,0.38868132831828467,Retrained,80600.0,IT
46.0,2.0,0.35094552936045476,Retrained,43300.0,HR
38.0,1.0,0.4008350349289866,Regretted,58400.0,HR
37.0,4.0,0.6814589374382697,Retrained,60100.0,Operations
31.0,3.0,0.4056469379848621,Retrained,89000.0,Marketing
31.0,3.0,0.4572130728350655,Retrained,77600.0,IT
32.0,1.0,0.6585301124971202,Retrained,49400.0,HR
27.0,4.0,0.5747715318710476,Retrained,57300.0,Operations
43.0,3.0,0.3696385039841685,Retrained,74000.0,IT
41.0,2.0,0.2998928194690976,Retrained,55300.0,HR
34.0,10.0,0.1938415573805313,Unregretted,56600.0,Operations
49.0,10.0,0.16762765390527798,Unregretted,69500.0,Finance
34.0,3.0,0.3829384400415048,Retrained,74100.0,IT
31.0,7.0,0.4511495889283542,Regretted,61900.0,Operations
28.0,4.0,0.3663785775162882,Retrained,81000.0,IT
43.0,0.0,,Retrained,60400.0,Marketing
50.0,11.0,0.26543151956449657,Retrained,72900.0,Operations
51.0,2.0,0.6353250931423992,Retrained,33300.0,HR
45.0,2.0,0.3138504853702703,Retrained,71500.0,Finance
46.0,6.0,0.4753139260264271,Retrained,67100.0,Finance
33.0,0.0,,Retrained,60600.0,HR
46.0,1.0,0.8178593610212194,Retrained,90000.0,Finance
27.0,0.0,,Retrained,54500.0,Marketing
54.0,2.0,0.5932988794198404,Retrained,54300.0,Marketing
26.0,4.0,0.5024171725759301,Retrained,59400.0,Operations
34.0,4.0,0.5359343798430509,Retrained,63700.0,Operations
35.0,1.0,0.7525354197918036,Retrained,80500.0,Finance
23.0,0.0,,Retrained,60900.0,Marketing
30.0,1.0,0.4188316978198841,Retrained,39200.0,HR
45.0,7.0,0.3752466663191304,Retrained,53600.0,Operations
37.0,0.0,,Retrained,45400.0,Marketing
28.0,2.0,0.39461495366723437,Retrained,43400.0,HR
30.0,6.0,0.29236917724423167,Retrained,60400.0,Operations
38.0,4.0,0.4696790821960049,Retrained,66600.0,IT
,2.0,0.3541426355134795,Regretted,41300.0,HR
22.0,4.0,0.5354111105285074,Retrained,59500.0,Operations
40.0,3.0,0.5105552640108943,Retrained,86500.0,Marketing
39.0,2.0,0.4778089094885908,Retrained,75800.0,IT
39.0,5.0,0.6711955539548625,Retrained,104700.0,Marketing
24.0,4.0,0.1971686769540798,Unregretted,55400.0,Operations
28.0,4.0,0.4175904060180159,Retrained,56500.0,IT
41.0,4.0,0.24243512635360592,Unregretted,68800.0,Operations
51.0,15.0,0.3516388848293203,Regretted,67900.0,Operations
45.0,6.0,0.6189107339337705,Retrained,82800.0,Finance
53.0,5.0,0.12461581109983424,Unregretted,45100.0,HR
40.0,1.0,0.5637003136225383,Regretted,63500.0,Finance
45.0,20.0,0.4528495761559336,Regretted,74800.0,IT
29.0,4.0,0.516722971198836,Retrained,71800.0,IT
44.0,0.0,,Retrained,64200.0,IT
51.0,2.0,0.7021767634560193,Retrained,71600.0,IT
39.0,1.0,0.5071321411308081,Retrained,62700.0,IT
25.0,2.0,0.4106387580542821,Retrained,47700.0,HR
51.0,5.0,0.4046646956717543,Retrained,51900.0,HR
37.0,2.0,0.40891088693503197,Regretted,53900.0,Finance
43.0,1.0,0.6070055064670544,Retrained,47900.0,HR
42.0,4.0,0.8449075921789567,Retrained,27600.0,Marketing
36.0,10.0,0.4586418814555082,Regretted,65800.0,Operations
46.0,5.0,0.2031886693845144,Unregretted,61100.0,Marketing
23.0,0.0,,Retrained,39600.0,Marketing
41.0,2.0,0.5278678311075913,Regretted,70100.0,IT
36.0,8.0,0.6201945751396478,Regretted,56400.0,HR
32.0,2.0,0.6424130624567551,Retrained,74500.0,IT
44.0,4.0,0.2800950348207725,Retrained,66600.0,IT
25.0,4.0,0.6415419933228153,Retrained,74700.0,IT
44.0,3.0,0.2833035380891474,Retrained,55200.0,Marketing
36.0,5.0,0.6105347425856702,Retrained,55100.0,Operations
26.0,2.0,0.5067601823783711,Retrained,44200.0,HR
45.0,3.0,0.3994766674983147,Retrained,66900.0,Finance
23.0,2.0,0.5535369981502622,Retrained,82200.0,IT
40.0,0.0,,Retrained,39200.0,Marketing
48.0,6.0,0.39879693248783565,Retrained,68800.0,IT
41.0,2.0,0.7309918537719086,Retrained,60800.0,IT
25.0,4.0,0.3163789524248781,Retrained,69600.0,IT
29.0,0.0,,Retrained,58400.0,Marketing
28.0,2.0,0.6474644850212439,Retrained,41200.0,HR
37.0,4.0,0.3763743406289508,Retrained,57800.0,Operations
47.0,12.0,0.6114050142266299,Retrained,57200.0,Marketing
37.0,2.0,0.5516270290173979,Retrained,54900.0,HR
29.0,1.0,0.245630444703776,Unregretted,69600.0,Finance
43.0,0.0,,Retrained,84500.0,Marketing
49.0,6.0,0.4667872080297919,Retrained,52800.0,Marketing
27.0,0.0,,Retrained,40400.0,HR
38.0,1.0,0.510704263752495,Retrained,74600.0,Marketing
36.0,5.0,0.29244788697971635,Retrained,52400.0,Marketing
52.0,23.0,0.2371339552469323,Unregretted,73100.0,Operations
45.0,14.0,0.2828783260037781,Retrained,54400.0,Finance
47.0,1.0,0.2586848344959961,Retrained,66500.0,Marketing
45.0,4.0,0.6852160544318947,Retrained,86300.0,IT
49.0,13.0,0.08162103330298123,Unregretted,76100.0,Finance
28.0,5.0,0.4420714507827725,Retrained,51000.0,Operations
38.0,11.0,0.2595501203004641,Regretted,64000.0,Operations
44.0,1.0,0.2177558558163742,Unregretted,73100.0,Finance
49.0,5.0,0.39246414142719904,Retrained,79900.0,Finance
45.0,5.0,0.43804112057112177,Retrained,47400.0,Marketing
24.0,4.0,0.459233834731815,Retrained,63900.0,Operations
47.0,9.0,0.6002166332782245,Retrained,84300.0,IT
32.0,4.0,0.5684162040621837,Retrained,39100.0,HR
49.0,2.0,0.4029673689119439,Retrained,63400.0,Finance
28.0,4.0,0.2708792853556189,Retrained,74700.0,IT
42.0,19.0,0.7084459571090977,Retrained,65400.0,Operations
30.0,2.0,0.7664192770606157,Retrained,70200.0,IT
37.0,4.0,0.44978255317738114,Retrained,70900.0,IT
32.0,2.0,0.18496146612975484,Unregretted,38900.0,HR
51.0,8.0,0.8435840961407419,Retrained,45000.0,Marketing
29.0,4.0,0.27168891891425323,Retrained,49400.0,Operations
24.0,2.0,0.3277032089068469,Retrained,48300.0,HR
42.0,0.0,,Retrained,40100.0,HR
32.0,0.0,,Retrained,32900.0,HR
47.0,2.0,0.6662030744123745,Retrained,58200.0,IT
52.0,6.0,0.4629129510801136,Retrained,60400.0,Finance
39.0,1.0,0.40350693266150106,Retrained,65200.0,IT
42.0,7.0,0.4360697314858373,Retrained,78100.0,Marketing
40.0,9.0,0.3620075422966514,Retrained,52800.0,Operations
41.0,1.0,0.6082534811490025,Retrained,51100.0,HR
40.0,4.0,0.6116316617222726,Retrained,79300.0,IT
31.0,0.0,,Retrained,78100.0,Marketing
34.0,1.0,0.49122853012979995,Retrained,81200.0,Finance
47.0,1.0,0.3373048662811352,Retrained,69400.0,Marketing
35.0,14.0,0.7228173043799734,Retrained,70900.0,Operations
44.0,1.0,0.6009477952838165,Regretted,64400.0,Finance
45.0,5.0,0.17930138232799303,Unregretted,65800.0,Operations
52.0,4.0,0.39974519066929076,Retrained,81700.0,Finance
30.0,2.0,0.7590804718327949,Retrained,64900.0,HR
45.0,10.0,0.4298460429338876,Retrained,84200.0,IT
28.0,0.0,,Unregretted,35600.0,Marketing
45.0,1.0,0.37638572859068364,Retrained,47100.0,HR
34.0,3.0,0.631096170167992,Retrained,74500.0,IT
45.0,2.0,0.44556663779994826,Retrained,48100.0,HR
,8.0,0.24783931942857756,Unregretted,49400.0,Finance
45.0,1.0,0.14694086005460408,Unregretted,74600.0,Finance
30.0,4.0,0.22652827427574385,Unregretted,71900.0,IT
29.0,2.0,0.6640386482462435,Retrained,47600.0,HR
33.0,1.0,0.6305629442372673,Retrained,80900.0,Finance
34.0,1.0,0.550461406367354,Retrained,89300.0,IT
36.0,9.0,0.3092602604838788,Retrained,63400.0,Operations
37.0,2.0,0.5578562973888546,Retrained,52900.0,Marketing
24.0,4.0,0.33181347146157,Retrained,65200.0,IT
47.0,6.0,0.4348537918895522,Retrained,24600.0,Marketing
31.0,4.0,0.3514665197411119,Retrained,70600.0,Operations
35.0,1.0,0.590742044188139,Retrained,93400.0,Finance
38.0,10.0,0.6386100084546348,Retrained,64200.0,Operations
,7.0,0.5682830064975413,Regretted,57200.0,Operations
48.0,5.0,0.3120692795956908,Retrained,61500.0,Finance
,2.0,0.45205316760145425,Retrained,39900.0,HR
52.0,4.0,0.5652642748865102,Retrained,60000.0,Finance
54.0,5.0,0.45355259178751883,Regretted,37000.0,Marketing
29.0,2.0,0.3814840530245295,Retrained,39900.0,HR
48.0,1.0,0.4893347051444385,Regretted,51300.0,Finance
29.0,2.0,0.35713646989188597,Retrained,32300.0,HR
47.0,12.0,0.7190966451492068,Retrained,54700.0,HR
48.0,10.0,0.3275333296431311,Retrained,50200.0,Finance
,6.0,0.636384234853976,Retrained,77000.0,Operations
43.0,5.0,0.5627753746472766,Retrained,67200.0,IT
22.0,4.0,0.33989639356380735,Retrained,42700.0,Operations
46.0,0.0,,Retrained,69400.0,Marketing
32.0,6.0,0.46562913710946413,Retrained,58700.0,Operations
36.0,1.0,0.532807104819907,Retrained,58100.0,Finance
26.0,1.0,0.25089465546834366,Retrained,48900.0,Finance
30.0,0.0,,Retrained,56500.0,Marketing
32.0,5.0,0.5237973155468268,Retrained,43800.0,HR
44.0,1.0,0.4009780558193331,Retrained,74800.0,IT
48.0,1.0,0.5064318473995415,Retrained,57700.0,Finance
35.0,3.0,0.36475770742229024,Retrained,81800.0,Marketing
30.0,3.0,0.5677155282960314,Retrained,70500.0,IT
27.0,4.0,0.5102025152436367,Retrained,75900.0,IT
31.0,0.0,,Retrained,51200.0,HR
39.0,3.0,0.3933809846875738,Retrained,76800.0,IT
49.0,2.0,0.27307558295780354,Retrained,64800.0,IT
29.0,2.0,0.4117269260738083,Retrained,36100.0,HR
51.0,1.0,0.386279098177101,Retrained,61000.0,Finance
40.0,3.0,0.5988428843304414,Regretted,48000.0,Marketing
24.0,0.0,,Retrained,73600.0,Marketing
40.0,0.0,,Retrained,70700.0,Marketing
42.0,1.0,0.5048352482756189,Retrained,40800.0,Finance
43.0,5.0,0.47111806151335067,Retrained,59200.0,Marketing
33.0,7.0,0.4864369732925668,Regretted,52200.0,Operations
42.0,0.0,,Retrained,61400.0,Marketing
52.0,7.0,0.34900044705407335,Retrained,101400.0,Finance
46.0,10.0,0.3912406491559927,Retrained,68400.0,Operations
,1.0,0.7042571973121671,Retrained,58100.0,HR
49.0,4.0,0.4183374470702824,Retrained,51500.0,Operations
22.0,0.0,,Unregretted,54100.0,Marketing
27.0,0.0,,Retrained,60700.0,Marketing
,1.0,0.4221999125192453,Retrained,97600.0,Finance
42.0,4.0,0.5044865029092038,Retrained,59600.0,Finance
34.0,1.0,0.4117851970149177,Retrained,48800.0,HR
29.0,9.0,0.4724639213095362,Retrained,65800.0,Operations
23.0,4.0,0.650746279798514,Retrained,51600.0,Operations
28.0,2.0,0.3190752963488304,Retrained,44100.0,HR
35.0,1.0,0.5392846225401084,Retrained,46700.0,Marketing
37.0,8.0,0.42859809431668616,Retrained,62800.0,HR
25.0,2.0,0.31267652063516155,Retrained,43600.0,HR
47.0,6.0,0.600114674128332,Regretted,57600.0,Finance
45.0,3.0,0.33697645742045956,Retrained,82000.0,IT
24.0,4.0,0.40587316088052816,Retrained,77700.0,IT
30.0,4.0,0.4899050849673848,Retrained,74700.0,IT
25.0,2.0,0.33884796256073907,Retrained,57900.0,HR
23.0,2.0,0.4794185627731768,Retrained,55600.0,HR
26.0,4.0,0.42561503107418047,Retrained,73400.0,Operations
46.0,28.0,0.30022469188038725,Retrained,66000.0,Operations
47.0,7.0,0.6360425293471187,Retrained,81900.0,IT
26.0,4.0,0.46455322830416257,Retrained,69100.0,IT
49.0,10.0,0.49392094609813564,Retrained,71000.0,Marketing
48.0,4.0,0.5884933153608684,Retrained,66800.0,Operations
37.0,2.0,0.39957050683158596,Retrained,58200.0,Marketing
33.0,1.0,0.3000774986974477,Retrained,45600.0,HR
24.0,2.0,0.3091907201613967,Regretted,43000.0,HR
33.0,0.0,,Unregretted,67700.0,Marketing
46.0,4.0,0.6121367807825973,Retrained,74200.0,IT
41.0,3.0,0.32946413057767815,Retrained,28000.0,Marketing
52.0,7.0,0.47640448282035247,Retrained,56500.0,Finance
45.0,13.0,0.63809140828839,Retrained,76600.0,Finance
33.0,4.0,0.5913312117169128,Retrained,78700.0,IT
23.0,2.0,0.45835378916381586,Retrained,48700.0,HR
37.0,2.0,0.5071357970851453,Retrained,54300.0,IT
41.0,12.0,0.3742827225331649,Retrained,33500.0,HR
41.0,4.0,0.32234878492999675,Retrained,61300.0,Operations
27.0,1.0,0.3507729299241448,Regretted,62300.0,Finance
38.0,2.0,0.5469676534879142,Retrained,34000.0,HR
28.0,2.0,0.4661061851776501,Retrained,59400.0,HR
,2.0,0.6418598233675814,Retrained,47500.0,HR
26.0,4.0,0.5324772052102797,Retrained,59500.0,Operations
,5.0,0.5315037073221757,Retrained,74800.0,Operations
27.0,1.0,0.5206358980622732,Retrained,21700.0,HR
34.0,1.0,0.4340867546576405,Retrained,79300.0,IT
27.0,4.0,0.4719841566408603,Retrained,62400.0,Operations
45.0,4.0,0.4563311498362667,Retrained,52500.0,Finance
28.0,4.0,0.3452803196147226,Retrained,54200.0,Operations
26.0,4.0,0.4996585664305835,Retrained,76700.0,IT
32.0,2.0,0.6741390824537473,Retrained,86500.0,IT
46.0,2.0,0.2069003209070441,Unregretted,42800.0,Marketing
22.0,3.0,0.47186995092370343,Retrained,69000.0,Operations
35.0,4.0,0.3179596955823796,Retrained,69100.0,HR
38.0,6.0,0.4654080364800704,Retrained,76800.0,Marketing
28.0,2.0,0.2949323382767637,Retrained,68300.0,IT
29.0,2.0,0.4559542939674655,Retrained,67400.0,IT
51.0,6.0,0.2951033961301556,Retrained,73700.0,Marketing
29.0,4.0,0.4347396536689862,Retrained,73400.0,IT
29.0,2.0,0.3988327548559657,Retrained,26800.0,HR
42.0,1.0,0.34597378966406644,Retrained,61900.0,Finance
54.0,23.0,0.4487409848098272,Retrained,66200.0,Operations
46.0,2.0,0.38326841291485525,Retrained,66100.0,Finance
48.0,10.0,0.15433573473952056,Unregretted,46100.0,Marketing
27.0,4.0,0.4392053992229552,Regretted,50200.0,Operations
37.0,2.0,0.6460517534457634,Retrained,47400.0,HR
48.0,14.0,0.41562948396350163,Retrained,62600.0,Marketing
52.0,1.0,0.4417685700900172,Retrained,56700.0,Finance
31.0,1.0,0.473858319704903,Retrained,42400.0,Marketing
28.0,1.0,0.42896780969938664,Retrained,65900.0,IT
22.0,2.0,0.46417233668095437,Retrained,38400.0,HR
25.0,4.0,0.5391817798125054,Retrained,59700.0,Operations
34.0,2.0,0.22965228422258815,Unregretted,34500.0,Marketing
44.0,6.0,0.34863217194210744,Retrained,43800.0,Finance
45.0,0.0,,Retrained,76000.0,IT
,9.0,0.4019578060528767,Retrained,69400.0,Operations
29.0,4.0,0.37621037561776516,Retrained,72600.0,IT
27.0,4.0,0.5089000981907941,Retrained,58200.0,Operations
47.0,1.0,0.2518538541077485,Retrained,22400.0,HR
